-- Seed data for ideas and related entities (final corrected version)

-- First, create some sample innovators
INSERT INTO public.innovators (id, areas_of_interest, experience_level, innovation_background, total_ideas_submitted, total_ideas_approved, innovation_score) VALUES
('550e8400-e29b-41d4-a716-446655440001', ARRAY['التكنولوجيا المالية', 'الذكاء الاصطناعي'], 'متقدم', 'خبرة 10 سنوات في تطوير الحلول التقنية', 5, 3, 85.5),
('550e8400-e29b-41d4-a716-446655440002', ARRAY['الصحة الرقمية', 'إنترنت الأشياء'], 'متوسط', 'متخصص في الحلول الصحية الذكية', 3, 2, 72.0),
('550e8400-e29b-41d4-a716-446655440003', ARRAY['الطاقة المتجددة', 'الاستدامة'], 'مبتدئ', 'مهندس بيئي مهتم بالحلول المستدامة', 2, 1, 65.5),
('550e8400-e29b-41d4-a716-446655440004', ARRAY['التعليم الرقمي', 'الواقع المعزز'], 'متقدم', 'خبير في التقنيات التعليمية الحديثة', 4, 4, 90.0),
('550e8400-e29b-41d4-a716-446655440005', ARRAY['المدن الذكية', 'النقل الذكي'], 'متوسط', 'مختص في حلول المدن الذكية والنقل', 3, 2, 78.5);

-- Create some sample challenges with correct Arabic values
INSERT INTO public.challenges (id, title_ar, description_ar, status, priority_level, challenge_type, vision_2030_goal, sensitivity_level, start_date, end_date) VALUES
('660e8400-e29b-41d4-a716-446655440001', 'تطوير منصة دفع رقمية آمنة', 'تحدي لتطوير حلول دفع رقمية مبتكرة وآمنة تدعم رؤية 2030 في التحول الرقمي', 'published', 'عالي', 'تحول رقمي', 'تعزيز الاقتصاد الرقمي وزيادة نسبة المدفوعات الإلكترونية', 'normal', '2024-01-01', '2024-12-31'),
('660e8400-e29b-41d4-a716-446655440002', 'حلول الصحة الذكية للمجتمعات النائية', 'تطوير تطبيقات وأجهزة ذكية لتحسين الخدمات الصحية في المناطق النائية', 'published', 'عالي', 'ابتكار صحي', 'تحسين جودة الحياة وإمكانية الوصول للخدمات الصحية', 'normal', '2024-02-01', '2024-11-30'),
('660e8400-e29b-41d4-a716-446655440003', 'مشاريع الطاقة الشمسية المبتكرة', 'تحدي لتطوير حلول مبتكرة لاستغلال الطاقة الشمسية في المملكة', 'published', 'متوسط', 'استدامة', 'زيادة نسبة الطاقة المتجددة وتحقيق الاستدامة البيئية', 'normal', '2024-03-01', '2024-10-31'),
('660e8400-e29b-41d4-a716-446655440004', 'منصات التعلم الإلكتروني التفاعلية', 'تطوير حلول تعليمية رقمية تفاعلية لتحسين جودة التعليم', 'published', 'عالي', 'تعليم', 'رفع جودة التعليم وتطوير المهارات للمستقبل', 'normal', '2024-01-15', '2024-12-15'),
('660e8400-e29b-41d4-a716-446655440005', 'نظم النقل الذكي والمستدام', 'تحدي تطوير حلول النقل الذكي والمستدام للمدن السعودية', 'published', 'متوسط', 'بنية تحتية ذكية', 'تطوير البنية التحتية للنقل وتحسين جودة الحياة', 'normal', '2024-02-15', '2024-11-15');

-- Create some sample focus questions
INSERT INTO public.focus_questions (id, challenge_id, question_text_ar, question_type, order_sequence, is_sensitive) VALUES
('770e8400-e29b-41d4-a716-446655440001', '660e8400-e29b-41d4-a716-446655440001', 'كيف يمكن تطوير نظام دفع رقمي آمن يدعم جميع أنواع المعاملات المالية؟', 'open_ended', 1, false),
('770e8400-e29b-41d4-a716-446655440002', '660e8400-e29b-41d4-a716-446655440001', 'ما هي التقنيات المطلوبة لضمان أمان وحماية البيانات المالية؟', 'technical', 2, false),
('770e8400-e29b-41d4-a716-446655440003', '660e8400-e29b-41d4-a716-446655440002', 'كيف يمكن استخدام التطبيقات الذكية لتحسين الخدمات الصحية في المناطق النائية؟', 'open_ended', 1, false),
('770e8400-e29b-41d4-a716-446655440004', '660e8400-e29b-41d4-a716-446655440003', 'ما هي أفضل الطرق لاستغلال الطاقة الشمسية في البيئة الصحراوية؟', 'technical', 1, false),
('770e8400-e29b-41d4-a716-446655440005', '660e8400-e29b-41d4-a716-446655440004', 'كيف يمكن جعل التعلم الإلكتروني أكثر تفاعلية وفعالية؟', 'open_ended', 1, false);

-- Create sample ideas
INSERT INTO public.ideas (id, title_ar, description_ar, innovator_id, challenge_id, focus_question_id, status, maturity_level, solution_approach, implementation_plan, expected_impact, resource_requirements, feasibility_score, impact_score, innovation_score, alignment_score, overall_score) VALUES
('880e8400-e29b-41d4-a716-446655440001', 
 'محفظة رقمية ذكية بتقنية البلوك تشين', 
 'تطبيق محفظة رقمية يستخدم تقنية البلوك تشين لضمان الأمان والشفافية في المعاملات المالية مع دعم كامل للعملة السعودية والعملات الرقمية',
 '550e8400-e29b-41d4-a716-446655440001',
 '660e8400-e29b-41d4-a716-446655440001',
 '770e8400-e29b-41d4-a716-446655440001',
 'submitted',
 'prototype',
 'استخدام تقنية البلوك تشين مع واجهة مستخدم بسيطة ونظام أمان متعدد الطبقات',
 'مرحلة التطوير 6 أشهر، مرحلة الاختبار 3 أشهر، مرحلة الإطلاق شهرين',
 'تحسين الأمان المالي بنسبة 95% وزيادة سهولة الاستخدام',
 'فريق تطوير 5 أشخاص، ميزانية 500 ألف ريال، خوادم سحابية',
 8, 9, 9, 8, 8.5),

('880e8400-e29b-41d4-a716-446655440002',
 'روبوت طبي ذكي للفحص عن بُعد',
 'روبوت طبي مجهز بأجهزة استشعار متقدمة يمكنه إجراء فحوصات طبية أولية في المناطق النائية ونقل البيانات للأطباء المختصين',
 '550e8400-e29b-41d4-a716-446655440002',
 '660e8400-e29b-41d4-a716-446655440002',
 '770e8400-e29b-41d4-a716-446655440003',
 'under_review',
 'concept',
 'دمج أجهزة استشعار طبية مع الذكاء الاصطناعي وتقنيات الاتصال عن بُعد',
 'تصميم النموذج 4 أشهر، البرمجة 6 أشهر، الاختبارات الطبية 8 أشهر',
 'توفير خدمات طبية لـ 100,000 شخص في المناطق النائية',
 'فريق متعدد التخصصات 8 أشخاص، ميزانية 2 مليون ريال',
 7, 10, 8, 9, 8.5),

('880e8400-e29b-41d4-a716-446655440003',
 'نظام ألواح شمسية ذكية قابلة للطي',
 'ألواح شمسية مبتكرة قابلة للطي والنقل مع نظام تتبع شمسي ذكي يزيد الكفاءة بنسبة 40%',
 '550e8400-e29b-41d4-a716-446655440003',
 '660e8400-e29b-41d4-a716-446655440003',
 '770e8400-e29b-41d4-a716-446655440004',
 'approved',
 'pilot',
 'تطوير ألواح شمسية مرنة مع نظام تتبع GPS ومحركات ذكية للتوجيه',
 'البحث والتطوير 8 أشهر، النموذج الأولي 4 أشهر، الإنتاج التجريبي 6 أشهر',
 'زيادة كفاءة الطاقة الشمسية وتوفير حلول طاقة متنقلة',
 'مختبر أبحاث، فريق هندسي 6 أشخاص، ميزانية 1.5 مليون ريال',
 9, 8, 7, 8, 8.0),

('880e8400-e29b-41d4-a716-446655440004',
 'منصة تعليمية بالواقع المعزز',
 'منصة تعليمية تفاعلية تستخدم تقنية الواقع المعزز لتحويل المناهج التقليدية إلى تجارب تعليمية ثلاثية الأبعاد',
 '550e8400-e29b-41d4-a716-446655440004',
 '660e8400-e29b-41d4-a716-446655440004',
 '770e8400-e29b-41d4-a716-446655440005',
 'in_development',
 'development',
 'دمج تقنيات AR مع المناهج الدراسية وتطوير محتوى تفاعلي',
 'تحليل المناهج 3 أشهر، تطوير المحتوى 9 أشهر، الاختبار 3 أشهر',
 'تحسين فهم الطلاب بنسبة 60% وزيادة التفاعل في الفصل',
 'فريق تطوير المحتوى 10 أشخاص، أجهزة AR، ميزانية 800 ألف ريال',
 8, 9, 10, 9, 9.0),

('880e8400-e29b-41d4-a716-446655440005',
 'شبكة حافلات ذكية مع التنبؤ بالازدحام',
 'نظام نقل عام ذكي يستخدم الذكاء الاصطناعي للتنبؤ بالازدحام وتحسين مسارات الحافلات في الوقت الفعلي',
 '550e8400-e29b-41d4-a716-446655440005',
 '660e8400-e29b-41d4-a716-446655440005',
 null,
 'submitted',
 'concept',
 'استخدام بيانات الحركة المرورية مع خوارزميات التعلم الآلي لتحسين الطرق',
 'جمع البيانات 6 أشهر، تطوير النظام 12 شهر، التجربة الميدانية 6 أشهر',
 'تقليل وقت السفر بنسبة 30% وتحسين كفاءة النقل العام',
 'شراكة مع هيئة النقل، فريق تقني 12 شخص، ميزانية 3 مليون ريال',
 7, 8, 7, 9, 7.75),

('880e8400-e29b-41d4-a716-446655440006',
 'تطبيق ذكي لإدارة استهلاك الطاقة المنزلية',
 'تطبيق يربط جميع الأجهزة المنزلية الذكية لمراقبة وتحسين استهلاك الطاقة مع توفير توصيات شخصية للمستخدمين',
 '550e8400-e29b-41d4-a716-446655440003',
 '660e8400-e29b-41d4-a716-446655440003',
 null,
 'draft',
 'concept',
 'إنترنت الأشياء مع تحليل البيانات والذكاء الاصطناعي',
 'تطوير التطبيق 8 أشهر، ربط الأجهزة 4 أشهر، الاختبار 2 شهر',
 'توفير 25% من استهلاك الطاقة المنزلية',
 'فريق تطوير 4 أشخاص، أجهزة IoT للاختبار، ميزانية 300 ألف ريال',
 6, 7, 6, 7, 6.5);

-- Create some sample campaigns
INSERT INTO public.campaigns (id, title_ar, description_ar, status, start_date, end_date, target_participants, target_ideas, budget) VALUES
('990e8400-e29b-41d4-a716-446655440001', 'حملة الابتكار الرقمي 2024', 'حملة شاملة لتشجيع الابتكار في مجال التكنولوجيا الرقمية والذكاء الاصطناعي', 'active', '2024-01-01', '2024-12-31', 1000, 200, 5000000),
('990e8400-e29b-41d4-a716-446655440002', 'مبادرة الصحة الذكية', 'مبادرة لتطوير حلول صحية مبتكرة باستخدام التكنولوجيا', 'planning', '2024-03-01', '2024-11-30', 500, 100, 3000000);

-- Link campaigns with challenges
INSERT INTO public.campaign_challenge_links (campaign_id, challenge_id) VALUES
('990e8400-e29b-41d4-a716-446655440001', '660e8400-e29b-41d4-a716-446655440001'),
('990e8400-e29b-41d4-a716-446655440001', '660e8400-e29b-41d4-a716-446655440004'),
('990e8400-e29b-41d4-a716-446655440002', '660e8400-e29b-41d4-a716-446655440002');